No.,Estado,Clave.GASIR,SMN.No,GASIR.No,Nombre_estación, Longitud(Grados_decimales) , Latitud(Grados_decimales) ,Longitud ,Latitud ,Superficie(ha) ,Cultivo,Riesgo,Trigger.1,Inicio,Final,Trigger.2A,Trigger.2B,Inicio,Final,Trigger.3A,Trigger.3B,Inicio,Final,Cuota_(%)_2016,Suma_Asegurada($/ha),SumaAsegurada_TOTAL($),PrimaTotal_($),Foli,edo2,clave,cultivo,Acumulado
1,Durango,JLPSI,25183,12542,Presa José López Portillo,-106.80778,24.57139,-1064828,243417,1000,Avena,S-EH,70,15/06/2016,31/07/2016,80,800,01/08/2016,15/09/2016,40,600,16/09/2016,31/10/2016,24.30%,1500,1500000,364500,1,Durango,12542,Avena,1000
2,Durango,SRDDR,10078,21002,Sardinas,-105.568866,26.088173,-1053408,260517,1500,Avena,S-EH,45,15/06/2016,31/07/2016,60,500,01/08/2016,15/09/2016,35,500,16/09/2016,31/10/2016,24.30%,1500,2250000,546750,1,Durango,21002,Avena,1500
3,Durango,SMODR,10075,21004,Santa Maria del Oro,-105.36666,25.953333,-1052160,255712,1532,Avena,S-EH,60,15/06/2016,31/07/2016,50,450,01/08/2016,15/09/2016,35,300,16/09/2016,31/10/2016,24.30%,1500,2298000,558414,1,Durango,21004,Avena,1532
4,Durango,SPPDR,10100,21005,Santiago Papasquiaro,-105.42222,25.0375,-1052520,250215,3000,Avena,S-EH,70,15/06/2016,31/07/2016,70,450,01/08/2016,15/09/2016,30,300,16/09/2016,31/10/2016,24.30%,1500,4500000,1093500,1,Durango,21005,Avena,3000
5,Durango,SACDR,10035,21006,Salome Acosta,-105.446904,25.224251,-1052649,251327,3662,Avena,S-EH,45,15/06/2016,31/07/2016,70,450,01/08/2016,15/09/2016,30,300,16/09/2016,31/10/2016,24.30%,1500,5493000,1334799,1,Durango,21006,Avena,3662
6,Durango,TMZDR,10082,21040,Tamazula,-106.968173,24.971479,-1065805,245817,3235,Avena,S-EH,70,15/06/2016,31/07/2016,80,600,01/08/2016,15/09/2016,40,400,16/09/2016,31/10/2016,24.30%,1500,4852500,1179157.5,1,Durango,21040,Avena,3235
7,Durango,TDRDR,10031,21041,Huahuapan,-105.95167,24.52278,-1055706,243122,2336,Avena,S-EH,70,15/06/2016,31/07/2016,80,650,01/08/2016,15/09/2016,35,300,16/09/2016,31/10/2016,24.30%,1500,3504000,851472,1,Durango,21041,Avena,2336
8,Durango,CNTDR,10090,21044,Canatlan,-104.751957,24.524629,-1044507,243129,1207,Avena,S-EH,70,15/06/2016,31/07/2016,80,450,01/08/2016,15/09/2016,30,300,16/09/2016,31/10/2016,24.30%,1500,1810500,439951.5,1,Durango,21044,Avena,1207
9,Durango,GVCDR,10023,21049,Presa Guadalupe Victoria,-104.75194,23.96028,-1044507,235737,2045,Avena,S-EH,60,15/06/2016,31/07/2016,80,450,01/08/2016,15/09/2016,35,600,16/09/2016,31/10/2016,24.30%,1500,3067500,745402.5,1,Durango,21049,Avena,2045
10,Durango,GNCDR,10094,21050,Guanaceví,-105.955556,25.934722,-1055720,255605,1700,Avena,S-EH,60,15/06/2016,31/07/2016,65,560,01/08/2016,15/09/2016,40,270,16/09/2016,31/10/2016,24.30%,1500,2550000,619650,1,Durango,21050,Avena,1700
11,Durango,JLPSI,25183,12542,Presa José López Portillo,-106.80778,24.57139,-1064828,243417,5069.69,Maíz,S-EH,30,10/06/2016,20/07/2016,65,520,21/07/2016,03/09/2016,32,747,04/09/2016,31/10/2016,24.30%,1500,7604535,1847902.01,1,Durango,12542,Maíz,5069.69
12,Durango,SRDDR,10078,21002,Sardinas,-105.568866,26.088173,-1053408,260517,1493,Maíz,S-EH,30,10/06/2016,20/07/2016,55,500,21/07/2016,03/09/2016,35,600,04/09/2016,31/10/2016,24.30%,1500,2239500,544198.5,1,Durango,21002,Maíz,1493
13,Durango,SPPDR,10100,21005,Santiago Papasquiaro,-105.42222,25.0375,-1052520,250215,7123.06,Maíz,S-EH,30,10/06/2016,20/07/2016,55,434,21/07/2016,03/09/2016,32,619,04/09/2016,31/10/2016,24.30%,1500,10684590,2596355.37,1,Durango,21005,Maíz,7123.06
14,Durango,SACDR,10035,21006,Salome Acosta,-105.446904,25.224251,-1052649,251327,7937,Maíz,S-EH,30,10/06/2016,20/07/2016,55,434,21/07/2016,03/09/2016,32,620,04/09/2016,31/10/2016,24.30%,1500,11905500,2893036.5,1,Durango,21006,Maíz,7937
15,Durango,TMZDR,10082,21040,Tamazula,-106.968173,24.971479,-1065805,245817,6440,Maíz,S-EH,30,10/06/2016,20/07/2016,65,520,21/07/2016,03/09/2016,32,747,04/09/2016,31/10/2016,24.30%,1500,9660000,2347380,1,Durango,21040,Maíz,6440
16,Durango,TDRDR,10031,21041,Huahuapan,-105.95167,24.52278,-1055706,243122,11200,Maíz,S-EH,30,10/06/2016,20/07/2016,70,434,21/07/2016,03/09/2016,32,619,04/09/2016,31/10/2016,24.30%,1500,16800000,4082400,1,Durango,21041,Maíz,11200
17,Durango,CNTDR,10090,21044,Canatlan,-104.751957,24.524629,-1044507,243129,5751,Maíz,S-EH,30,10/06/2016,20/07/2016,55,434,21/07/2016,03/09/2016,32,619,04/09/2016,31/10/2016,24.30%,1500,8626500,2096239.5,1,Durango,21044,Maíz,5751
18,Durango,GVCDR,10023,21049,Presa Guadalupe Victoria,-104.75194,23.96028,-1044507,235737,5950.73,Maíz,S-EH,30,10/06/2016,20/07/2016,55,400,21/07/2016,03/09/2016,33,413,04/09/2016,31/10/2016,24.30%,1500,8926095,2169041.09,1,Durango,21049,Maíz,5950.73
19,Durango,GNCDR,10094,21050,Guanaceví,-105.955556,25.934722,-1055720,255605,1476,Maíz,S-EH,35,10/06/2016,20/07/2016,60,600,21/07/2016,03/09/2016,32,600,04/09/2016,31/10/2016,24.30%,1500,2214000,538002,1,Durango,21050,Maíz,1476
20,Guanajuato,CSRGJ,11011,41115,Cinco Señores,-100.775452,20.890759,-1004632,205327,700,Frijol,S-EH,43,01/06/2016,15/07/2016,85,368,16/07/2016,31/08/2016,28,338,01/09/2016,15/10/2016,22.25%,1500,1050000,233625,1,Guanajuato,41115,Frijol,700
21,Guanajuato,IALGJ,11033,41124,Ignacio Allende,-100.825774,20.848033,-1004933,205053,500,Frijol,S-EH,43,01/06/2016,15/07/2016,85,368,16/07/2016,31/08/2016,28,338,01/09/2016,15/10/2016,22.25%,1500,750000,166875,1,Guanajuato,41124,Frijol,500
22,Guanajuato,CSTGJ,11040,41134,Los Castillos,-101.666667,21.2,-1014003,211143,1800,Frijol,S-EH,43,01/06/2016,15/07/2016,85,368,16/07/2016,31/08/2016,28,338,01/09/2016,15/10/2016,22.25%,1500,2700000,600750,1,Guanajuato,41134,Frijol,1800
23,Guanajuato,OCMGJ,11050,41138,Ocampo,-101.516667,21.633333,-1012847,213908,1700,Frijol,S-EH,43,01/06/2016,15/07/2016,85,368,16/07/2016,31/08/2016,28,338,01/09/2016,15/10/2016,22.25%,1500,2550000,567375,1,Guanajuato,41138,Frijol,1700
24,Guanajuato,PNLGJ,11051,41140,Peñuelitas,-100.875833,21.104444,-1005233,210616,1250,Frijol,S-EH,43,01/06/2016,15/07/2016,85,368,16/07/2016,31/08/2016,28,338,01/09/2016,15/10/2016,22.25%,1500,1875000,417187.5,1,Guanajuato,41140,Frijol,1250
25,Guanajuato,SLPGJ,11068,41150,San Luis de la Paz,-100.516667,21.3,-1003100,211800,1150,Frijol,S-EH,43,01/06/2016,15/07/2016,85,368,16/07/2016,31/08/2016,28,338,01/09/2016,15/10/2016,22.25%,1500,1725000,383812.5,1,Guanajuato,41150,Frijol,1150
26,Guanajuato,GTOGJ,11094,41155,Guanajuato,-101.265,21.012222,-1011554,210044,2000,Frijol,S-EH,43,01/06/2016,15/07/2016,85,368,16/07/2016,31/08/2016,28,338,01/09/2016,15/10/2016,22.25%,1500,3000000,667500,1,Guanajuato,41155,Frijol,2000
27,Guanajuato,PDLGJ,11017,41157,Puente Dolores,-100.9,21.1,-1005400,210600,1250,Frijol,S-EH,43,01/06/2016,15/07/2016,85,368,16/07/2016,31/08/2016,28,338,01/09/2016,15/10/2016,22.25%,1500,1875000,417187.5,1,Guanajuato,41157,Frijol,1250
28,Guanajuato,XICGJ,11083,41192,Xichu,-100.0925,21.298889,-1000533,211756,901.5,Frijol,S-EH,35,01/06/2016,15/07/2016,60,368,16/07/2016,31/08/2016,28,338,01/09/2016,15/10/2016,22.25%,1500,1352250,300875.63,1,Guanajuato,41192,Frijol,901.5
29,Guanajuato,CRTJL,14392,41413,El Cuarenta,-101.741131,21.500085,-1014428,213000,1500,Frijol,S-EH,43,01/06/2016,15/07/2016,85,368,16/07/2016,31/08/2016,28,338,01/09/2016,15/10/2016,22.25%,1500,2250000,500625,1,Guanajuato,41413,Frijol,1500
30,Guanajuato,JRQQT,22045,42208,Juriquilla,-100.45,20.7,-1002700,204200,200,Frijol,S-EH,43,01/06/2016,15/07/2016,85,368,16/07/2016,31/08/2016,28,338,01/09/2016,15/10/2016,22.25%,1500,300000,66750,1,Guanajuato,42208,Frijol,200
31,Guanajuato,CSRGJ,11011,41115,Cinco Señores,-100.775452,20.890759,-1004632,205327,2250,Maíz,S-EH,43,15/05/2016,05/07/2016,75,414,06/07/2016,20/08/2016,71,360,21/08/2016,21/10/2016,22.25%,1500,3375000,750937.5,1,Guanajuato,41115,Maíz,2250
32,Guanajuato,ECHGJ,11124,41121,El Chapín,-101.227674,20.891522,-1011340,205329,1600,Maíz,S-EH,43,15/05/2016,05/07/2016,80,414,06/07/2016,20/08/2016,60,360,21/08/2016,21/10/2016,22.25%,1500,2400000,534000,1,Guanajuato,41121,Maíz,1600
33,Guanajuato,IALGJ,11033,41124,Ignacio Allende,-100.825774,20.848033,-1004933,205053,1250,Maíz,S-EH,25,15/05/2016,05/07/2016,35,480,06/07/2016,20/08/2016,50,430,21/08/2016,21/10/2016,22.25%,1500,1875000,417187.5,1,Guanajuato,41124,Maíz,1250
34,Guanajuato,CSTGJ,11040,41134,Los Castillos,-101.666667,21.2,-1014003,211143,2200,Maíz,S-EH,43,15/05/2016,05/07/2016,80,480,06/07/2016,20/08/2016,60,430,21/08/2016,21/10/2016,22.25%,1500,3300000,734250,1,Guanajuato,41134,Maíz,2200
35,Guanajuato,OCMGJ,11050,41138,Ocampo,-101.516667,21.633333,-1012847,213908,2475,Maíz,S-EH,43,15/05/2016,05/07/2016,114,414,06/07/2016,20/08/2016,71,360,21/08/2016,21/10/2016,22.25%,1500,3712500,826031.25,1,Guanajuato,41138,Maíz,2475
36,Guanajuato,PNLGJ,11051,41140,Peñuelitas,-100.875833,21.104444,-1005233,210616,2400,Maíz,S-EH,43,15/05/2016,05/07/2016,35,480,06/07/2016,20/08/2016,50,430,21/08/2016,21/10/2016,22.25%,1500,3600000,801000,1,Guanajuato,41140,Maíz,2400
37,Guanajuato,SLPGJ,11068,41150,San Luis de la Paz,-100.516667,21.3,-1003100,211800,2250,Maíz,S-EH,43,15/05/2016,05/07/2016,35,480,06/07/2016,20/08/2016,50,430,21/08/2016,21/10/2016,22.25%,1500,3375000,750937.5,1,Guanajuato,41150,Maíz,2250
38,Guanajuato,GTOGJ,11094,41155,Guanajuato,-101.265,21.012222,-1011554,210044,2200,Maíz,S-EH,43,15/05/2016,05/07/2016,114,414,06/07/2016,20/08/2016,71,360,21/08/2016,21/10/2016,22.25%,1500,3300000,734250,1,Guanajuato,41155,Maíz,2200
39,Guanajuato,PDLGJ,11017,41157,Puente Dolores,-100.9,21.1,-1005400,210600,2400,Maíz,S-EH,43,15/05/2016,05/07/2016,114,414,06/07/2016,20/08/2016,71,360,21/08/2016,21/10/2016,22.25%,1500,3600000,801000,1,Guanajuato,41157,Maíz,2400
40,Guanajuato,XICGJ,11083,41192,Xichu,-100.0925,21.298889,-1000533,211756,1153.5,Maíz,S-EH,43,15/05/2016,05/07/2016,35,480,06/07/2016,20/08/2016,50,430,21/08/2016,21/10/2016,22.25%,1500,1730250,384980.63,1,Guanajuato,41192,Maíz,1153.5
41,Guanajuato,CRTJL,14392,41413,El Cuarenta,-101.741131,21.500085,-1014428,213000,1375,Maíz,S-EH,43,15/05/2016,05/07/2016,80,480,06/07/2016,20/08/2016,60,430,21/08/2016,21/10/2016,22.25%,1500,2062500,458906.25,1,Guanajuato,41413,Maíz,1375
42,Guanajuato,JRQQT,22045,42208,Juriquilla,-100.45,20.7,-1002700,204200,550,Maíz,S-EH,43,15/05/2016,05/07/2016,35,480,06/07/2016,20/08/2016,50,430,21/08/2016,21/10/2016,22.25%,1500,825000,183562.5,1,Guanajuato,42208,Maíz,550
43,Guanajuato,CSTGJ,11040,41134,Los Castillos,-101.666667,21.2,-1014003,211143,400,Trigo,S-EH,43,01/06/2016,15/07/2016,85,368,16/07/2016,31/08/2016,28,338,01/09/2016,15/10/2016,22.25%,1500,600000,133500,1,Guanajuato,41134,Trigo,400
44,Guanajuato,OCMGJ,11050,41138,Ocampo,-101.516667,21.633333,-1012847,213908,950,Trigo,S-EH,43,01/06/2016,15/07/2016,85,368,16/07/2016,31/08/2016,28,338,01/09/2016,15/10/2016,22.25%,1500,1425000,317062.5,1,Guanajuato,41138,Trigo,950
45,Guanajuato,GTOGJ,11094,41155,Guanajuato,-101.265,21.012222,-1011554,210044,400,Trigo,S-EH,43,01/06/2016,15/07/2016,85,368,16/07/2016,31/08/2016,28,338,01/09/2016,15/10/2016,22.25%,1500,600000,133500,1,Guanajuato,41155,Trigo,400
46,Guanajuato,XICGJ,11083,41192,Xichu,-100.0925,21.298889,-1000533,211756,141,Trigo,S-EH,35,01/06/2016,15/07/2016,60,368,16/07/2016,31/08/2016,28,338,01/09/2016,15/10/2016,22.25%,1500,211500,47058.75,1,Guanajuato,41192,Trigo,141
47,Guanajuato,CRTJL,14392,41413,El Cuarenta,-101.741131,21.500085,-1014428,213000,1750,Trigo,S-EH,43,01/06/2016,15/07/2016,85,368,16/07/2016,31/08/2016,28,338,01/09/2016,15/10/2016,22.25%,1500,2625000,584062.5,1,Guanajuato,41413,Trigo,1750
48,Michoacán,CLLCM,6003,40614,Callejones,-103.6325,18.816389,-1033757,184859,1955,Maíz,S-EH,35,20/05/2016,30/06/2016,65,655,01/07/2016,14/08/2016,150,885,15/08/2016,13/10/2016,16.50%,1500,2932500,483862.5,1,Michoacán,40614,Maíz,1955
49,Michoacán,ACNGJ,11002,41101,Acámbaro,-100.712219,20.032499,-1004244,200157,1900,Maíz,S-EH,43,20/05/2016,30/06/2016,97,438,01/07/2016,14/08/2016,90,648,15/08/2016,13/10/2016,16.50%,1500,2850000,470250,1,Michoacán,41101,Maíz,1900
50,Michoacán,ABSGJ,11001,41102,Abasolo,-101.523056,20.447898,-1013123,202652,300,Maíz,S-EH,44,20/05/2016,30/06/2016,91,498,01/07/2016,14/08/2016,58,512,15/08/2016,13/10/2016,16.50%,1500,450000,74250,1,Michoacán,41102,Maíz,300
51,Michoacán,SLSGJ,11076,41146,Solís,-100.669121,20.04821,-1004009,200254,1450,Maíz,S-EH,45,20/05/2016,30/06/2016,63,438,01/07/2016,14/08/2016,61,504,15/08/2016,13/10/2016,16.50%,1500,2175000,358875,1,Michoacán,41146,Maíz,1450
52,Michoacán,JMYJL,14075,41422,Jamay,-102.654722,20.229167,-1023917,201345,8068.38,Maíz,S-EH,44,20/05/2016,30/06/2016,118,704,01/07/2016,14/08/2016,82,641,15/08/2016,13/10/2016,16.50%,1500,12102570,1996924.05,1,Michoacán,41422,Maíz,8068.38
53,Michoacán,POLJL,14070,41443,Polvora,-102.228561,20.490972,-1021343,202927,1154,Maíz,S-EH,45,20/05/2016,30/06/2016,107,568,01/07/2016,14/08/2016,109,587,15/08/2016,13/10/2016,16.50%,1500,1731000,285615,1,Michoacán,41443,Maíz,1154
54,Michoacán,COIMC,16022,41602,Cointzio,-101.258611,19.631667,-1011531,193754,5449,Maíz,S-EH,47,20/05/2016,30/06/2016,44,460,01/07/2016,14/08/2016,64,501,15/08/2016,13/10/2016,16.50%,1500,8173500,1348627.5,1,Michoacán,41602,Maíz,5449
55,Michoacán,TMUMC,16033,41608,Tercer Mundo,-100.289722,19.76,-1001723,194536,8672,Maíz,S-EH,45,20/05/2016,30/06/2016,130,561,01/07/2016,14/08/2016,111,525,15/08/2016,13/10/2016,16.50%,1500,13008000,2146320,1,Michoacán,41608,Maíz,8672
56,Michoacán,LDFMC,16061,41609,Laguna del Fresno,-100.406667,19.838611,-1002424,195019,2136,Maíz,S-EH,45,20/05/2016,30/06/2016,94,523,01/07/2016,14/08/2016,99,501,15/08/2016,13/10/2016,16.50%,1500,3204000,528660,1,Michoacán,41609,Maíz,2136
57,Michoacán,MRVMC,16078,41610,Maravatio,-100.441111,19.893056,-1002628,195335,8195,Maíz,S-EH,51,20/05/2016,30/06/2016,94,556,01/07/2016,14/08/2016,92,585,15/08/2016,13/10/2016,16.50%,1500,12292500,2028262.5,1,Michoacán,41610,Maíz,8195
58,Michoacán,CBLMC,16017,41612,Casa Blanca,-101.462494,20.323891,-1012745,201926,3957,Maíz,S-EH,45,20/05/2016,30/06/2016,96,637,01/07/2016,14/08/2016,103,601,15/08/2016,13/10/2016,16.50%,1500,5935500,979357.5,1,Michoacán,41612,Maíz,3957
59,Michoacán,VJIMC,16225,41617,Villa Jiménez,-101.747222,19.920278,-1014450,195513,9419.39,Maíz,S-EH,57,20/05/2016,30/06/2016,129,570,01/07/2016,14/08/2016,111,628,15/08/2016,13/10/2016,16.50%,1500,14129085,2331299.03,1,Michoacán,41617,Maíz,9419.39
60,Michoacán,ZCAMC,16142,41619,Zacapu,-101.792222,19.8125,-1014732,194845,2776.18,Maíz,S-EH,50,20/05/2016,30/06/2016,130,558,01/07/2016,14/08/2016,111,592,15/08/2016,13/10/2016,16.50%,1500,4164270,687104.55,1,Michoacán,41619,Maíz,2776.18
61,Michoacán,JARMC,16095,41621,Jaripo,-102.601111,19.959444,-1023604,195734,9508.88,Maíz,S-EH,44,20/05/2016,30/06/2016,93,568,01/07/2016,14/08/2016,92,501,15/08/2016,13/10/2016,16.50%,1500,14263320,2353447.8,1,Michoacán,41621,Maíz,9508.88
62,Michoacán,SAHMC,16174,41623,Sahuayo,-102.711111,20.081667,-1024240,200454,4275.08,Maíz,S-EH,50,20/05/2016,30/06/2016,104,498,01/07/2016,14/08/2016,86,537,15/08/2016,13/10/2016,16.50%,1500,6412620,1058082.3,1,Michoacán,41623,Maíz,4275.08
63,Michoacán,CUUMC,16030,41626,Cumuato,-102.586944,20.253611,-1023513,201513,8196.78,Maíz,S-EH,45,20/05/2016,30/06/2016,83,546,01/07/2016,14/08/2016,95,506,15/08/2016,13/10/2016,16.50%,1500,12295170,2028703.05,1,Michoacán,41626,Maíz,8196.78
64,Michoacán,UREMC,16137,41628,Urepetiro,-102.135556,19.96,-1020808,195736,4851.23,Maíz,S-EH,54,20/05/2016,30/06/2016,144,528,01/07/2016,14/08/2016,127,602,15/08/2016,13/10/2016,16.50%,1500,7276845,1200679.43,1,Michoacán,41628,Maíz,4851.23
65,Michoacán,CHAMC,16031,41629,Chaparaco,-102.265278,19.973611,-1021555,195825,3930.61,Maíz,S-EH,45,20/05/2016,30/06/2016,124,531,01/07/2016,14/08/2016,125,478,15/08/2016,13/10/2016,16.50%,1500,5895915,972825.98,1,Michoacán,41629,Maíz,3930.61
66,Michoacán,ZAMMC,16048,41630,Zamora,-102.28,19.973333,-1021648,195824,5041,Maíz,S-EH,50,20/05/2016,30/06/2016,122,475,01/07/2016,14/08/2016,115,519,15/08/2016,13/10/2016,16.50%,1500,7561500,1247647.5,1,Michoacán,41630,Maíz,5041
67,Michoacán,ORAMC,16162,41631,Orandino,-102.327222,19.956944,-1021938,195725,5361,Maíz,S-EH,54,20/05/2016,30/06/2016,132,554,01/07/2016,14/08/2016,108,599,15/08/2016,13/10/2016,16.50%,1500,8041500,1326847.5,1,Michoacán,41631,Maíz,5361
68,Michoacán,CORMC,16024,41636,Corrales,-101.859444,20.214167,-1015134,201251,4664,Maíz,S-EH,43,20/05/2016,30/06/2016,93,464,01/07/2016,14/08/2016,111,526,15/08/2016,13/10/2016,16.50%,1500,6996000,1154340,1,Michoacán,41636,Maíz,4664
69,Michoacán,MOCMC,16159,41637,Melchor Ocampo,-101.724325,20.127337,-1014328,200738,5239,Maíz,S-EH,46,20/05/2016,30/06/2016,103,449,01/07/2016,14/08/2016,102,572,15/08/2016,13/10/2016,16.50%,1500,7858500,1296652.5,1,Michoacán,41637,Maíz,5239
70,Michoacán,ADUMC,16229,41638,Adjuntas,-102.204444,19.912222,-1021216,195444,3277.59,Maíz,S-EH,54,20/05/2016,30/06/2016,144,466,01/07/2016,14/08/2016,127,526,15/08/2016,13/10/2016,16.50%,1500,4916385,811203.53,1,Michoacán,41638,Maíz,3277.59
71,Michoacán,MNOMC,16114,41640,Morelia Norte,-101.182778,19.721667,-1011058,194318,7952,Maíz,S-EH,48,20/05/2016,30/06/2016,80,604,01/07/2016,14/08/2016,80,641,15/08/2016,13/10/2016,16.50%,1500,11928000,1968120,1,Michoacán,41640,Maíz,7952
72,Michoacán,MLPMC,16096,41641,Malpais,-100.8825,19.809167,-1005257,194833,4506,Maíz,S-EH,46,20/05/2016,30/06/2016,55,504,01/07/2016,14/08/2016,97,539,15/08/2016,13/10/2016,16.50%,1500,6759000,1115235,1,Michoacán,41641,Maíz,4506
73,Michoacán,MCEMC,16081,41642,Morelia Centro,-101.150556,19.694444,-1010902,194140,6637.24,Maíz,S-EH,54,20/05/2016,30/06/2016,101,469,01/07/2016,14/08/2016,79,492,15/08/2016,13/10/2016,16.50%,1500,9955860,1642716.9,1,Michoacán,41642,Maíz,6637.24
74,Michoacán,EGIMC,16040,41647,El Gigante,-100.451111,19.971667,-1002704,195818,5000,Maíz,S-EH,50,20/05/2016,30/06/2016,130,466,01/07/2016,14/08/2016,94,522,15/08/2016,13/10/2016,16.50%,1500,7500000,1237500,1,Michoacán,41647,Maíz,5000
75,Michoacán,PUCMC,16097,41653,Pucuato,-100.685278,19.6225,-1004107,193721,987,Maíz,S-EH,57,20/05/2016,30/06/2016,130,779,01/07/2016,14/08/2016,111,714,15/08/2016,13/10/2016,16.50%,1500,1480500,244282.5,1,Michoacán,41653,Maíz,987
76,Michoacán,AGOMC,16002,41655,Agostitlán,-100.606944,19.578889,-1003625,193444,3000,Maíz,S-EH,57,20/05/2016,30/06/2016,144,779,01/07/2016,14/08/2016,127,588,15/08/2016,13/10/2016,16.50%,1500,4500000,742500,1,Michoacán,41655,Maíz,3000
77,Michoacán,CMNMC,16059,41657,Caimanera,-100.865278,18.491111,-1005155,182928,2754,Maíz,S-EH,46,20/05/2016,30/06/2016,116,632,01/07/2016,14/08/2016,144,743,15/08/2016,13/10/2016,16.50%,1500,4131000,681615,1,Michoacán,41657,Maíz,2754
78,Michoacán,LPNMC,16074,41658,Los Panches,-102.003611,18.687222,-1020013,184114,223,Maíz,S-EH,32,20/05/2016,30/06/2016,90,468,01/07/2016,14/08/2016,112,550,15/08/2016,13/10/2016,16.50%,1500,334500,55192.5,1,Michoacán,41658,Maíz,223
79,Michoacán,LPZMC,16075,41660,Los Pinzanes,-101.165278,18.735278,-1010955,184407,6409,Maíz,S-EH,38,20/05/2016,30/06/2016,61,548,01/07/2016,14/08/2016,127,558,15/08/2016,13/10/2016,16.50%,1500,9613500,1586227.5,1,Michoacán,41660,Maíz,6409
80,Michoacán,INFMC,16046,41663,Infiernillo,-101.892778,18.273056,-1015334,181623,1593.05,Maíz,S-EH,30,20/05/2016,30/06/2016,36,438,01/07/2016,14/08/2016,44,608,15/08/2016,13/10/2016,16.50%,1500,2389575,394279.88,1,Michoacán,41663,Maíz,1593.05
81,Michoacán,CHIMC,16020,41669,Cd. Hidalgo,-100.556111,19.683889,-1003322,194102,3955,Maíz,S-EH,49,20/05/2016,30/06/2016,104,438,01/07/2016,14/08/2016,111,501,15/08/2016,13/10/2016,16.50%,1500,5932500,978862.5,1,Michoacán,41669,Maíz,3955
82,Michoacán,APAMC,16007,41672,Apatzingan,-102.371667,19.082778,-1022218,190458,1865,Maíz,S-EH,29,20/05/2016,30/06/2016,105,517,01/07/2016,14/08/2016,101,759,15/08/2016,13/10/2016,16.50%,1500,2797500,461587.5,1,Michoacán,41672,Maíz,1865
83,Michoacán,DBOMC,16036,41699,El Bosque,-100.4125,19.360278,-1002445,192137,784,Maíz,S-EH,47,20/05/2016,30/06/2016,130,466,01/07/2016,14/08/2016,111,588,15/08/2016,13/10/2016,16.50%,1500,1176000,194040,1,Michoacán,41699,Maíz,784
84,Michoacán,CLLCM,6003,40614,Callejones,-103.6325,18.816389,-1033757,184859,200,Sorgo,S-EH,44,20/05/2016,30/06/2016,113,933,01/07/2016,29/08/2016,38,792,30/08/2016,28/10/2016,16.50%,1500,300000,49500,1,Michoacán,40614,Sorgo,200
85,Michoacán,ABSGJ,11001,41102,Abasolo,-101.523056,20.447898,-1013123,202652,241,Sorgo,S-EH,44,20/05/2016,30/06/2016,108,604,01/07/2016,29/08/2016,33,585,30/08/2016,28/10/2016,16.50%,1500,361500,59647.5,1,Michoacán,41102,Sorgo,241
86,Michoacán,JMYJL,14075,41422,Jamay,-102.654722,20.229167,-1023917,201345,2782.02,Sorgo,S-EH,44,20/05/2016,30/06/2016,109,940,01/07/2016,29/08/2016,28,585,30/08/2016,28/10/2016,16.50%,1500,4173030,688549.95,1,Michoacán,41422,Sorgo,2782.02
87,Michoacán,POLJL,14070,41443,Polvora,-102.228561,20.490972,-1021343,202927,885,Sorgo,S-EH,45,20/05/2016,30/06/2016,109,756,01/07/2016,29/08/2016,30,585,30/08/2016,28/10/2016,16.50%,1500,1327500,219037.5,1,Michoacán,41443,Sorgo,885
88,Michoacán,TMUMC,16033,41608,Tercer Mundo,-100.289722,19.76,-1001723,194536,17,Sorgo,S-EH,45,20/05/2016,30/06/2016,109,605,01/07/2016,29/08/2016,38,585,30/08/2016,28/10/2016,16.50%,1500,25500,4207.5,1,Michoacán,41608,Sorgo,17
89,Michoacán,LDFMC,16061,41609,Laguna del Fresno,-100.406667,19.838611,-1002424,195019,101,Sorgo,S-EH,45,20/05/2016,30/06/2016,109,619,01/07/2016,29/08/2016,38,585,30/08/2016,28/10/2016,16.50%,1500,151500,24997.5,1,Michoacán,41609,Sorgo,101
90,Michoacán,CBLMC,16017,41612,Casa Blanca,-101.462494,20.323891,-1012745,201926,2059,Sorgo,S-EH,45,20/05/2016,30/06/2016,109,801,01/07/2016,29/08/2016,25,585,30/08/2016,28/10/2016,16.50%,1500,3088500,509602.5,1,Michoacán,41612,Sorgo,2059
91,Michoacán,VJIMC,16225,41617,Villa Jiménez,-101.747222,19.920278,-1014450,195513,2556,Sorgo,S-EH,57,20/05/2016,30/06/2016,109,673,01/07/2016,29/08/2016,38,585,30/08/2016,28/10/2016,16.50%,1500,3834000,632610,1,Michoacán,41617,Sorgo,2556
92,Michoacán,ZCAMC,16142,41619,Zacapu,-101.792222,19.8125,-1014732,194845,457,Sorgo,S-EH,50,20/05/2016,30/06/2016,109,696,01/07/2016,29/08/2016,38,585,30/08/2016,28/10/2016,16.50%,1500,685500,113107.5,1,Michoacán,41619,Sorgo,457
93,Michoacán,JARMC,16095,41621,Jaripo,-102.601111,19.959444,-1023604,195734,1438.33,Sorgo,S-EH,44,20/05/2016,30/06/2016,109,711,01/07/2016,29/08/2016,26,585,30/08/2016,28/10/2016,16.50%,1500,2157495,355986.68,1,Michoacán,41621,Sorgo,1438.33
94,Michoacán,SAHMC,16174,41623,Sahuayo,-102.711111,20.081667,-1024240,200454,1182.12,Sorgo,S-EH,50,20/05/2016,30/06/2016,109,604,01/07/2016,29/08/2016,38,585,30/08/2016,28/10/2016,16.50%,1500,1773180,292574.7,1,Michoacán,41623,Sorgo,1182.12
95,Michoacán,CUUMC,16030,41626,Cumuato,-102.586944,20.253611,-1023513,201513,1624.74,Sorgo,S-EH,45,20/05/2016,30/06/2016,109,686,01/07/2016,29/08/2016,30,585,30/08/2016,28/10/2016,16.50%,1500,2437110,402123.15,1,Michoacán,41626,Sorgo,1624.74
96,Michoacán,UREMC,16137,41628,Urepetiro,-102.135556,19.96,-1020808,195736,1173,Sorgo,S-EH,54,20/05/2016,30/06/2016,109,751,01/07/2016,29/08/2016,38,585,30/08/2016,28/10/2016,16.50%,1500,1759500,290317.5,1,Michoacán,41628,Sorgo,1173
97,Michoacán,CHAMC,16031,41629,Chaparaco,-102.265278,19.973611,-1021555,195825,1026.67,Sorgo,S-EH,45,20/05/2016,30/06/2016,109,607,01/07/2016,29/08/2016,38,585,30/08/2016,28/10/2016,16.50%,1500,1540005,254100.83,1,Michoacán,41629,Sorgo,1026.67
98,Michoacán,ZAMMC,16048,41630,Zamora,-102.28,19.973333,-1021648,195824,2501.12,Sorgo,S-EH,50,20/05/2016,30/06/2016,109,604,01/07/2016,29/08/2016,38,585,30/08/2016,28/10/2016,16.50%,1500,3751680,619027.2,1,Michoacán,41630,Sorgo,2501.12
99,Michoacán,ORAMC,16162,41631,Orandino,-102.327222,19.956944,-1021938,195725,2226.6,Sorgo,S-EH,54,20/05/2016,30/06/2016,109,636,01/07/2016,29/08/2016,38,585,30/08/2016,28/10/2016,16.50%,1500,3339900,551083.5,1,Michoacán,41631,Sorgo,2226.6
100,Michoacán,CORMC,16024,41636,Corrales,-101.859444,20.214167,-1015134,201251,7122.84,Sorgo,S-EH,43,20/05/2016,30/06/2016,109,730,01/07/2016,29/08/2016,38,585,30/08/2016,28/10/2016,16.50%,1500,10684260,1762902.9,1,Michoacán,41636,Sorgo,7122.84
101,Michoacán,MOCMC,16159,41637,Melchor Ocampo,-101.724325,20.127337,-1014328,200738,4344,Sorgo,S-EH,46,20/05/2016,30/06/2016,109,720,01/07/2016,29/08/2016,37,585,30/08/2016,28/10/2016,16.50%,1500,6516000,1075140,1,Michoacán,41637,Sorgo,4344
102,Michoacán,ADUMC,16229,41638,Adjuntas,-102.204444,19.912222,-1021216,195444,52.4,Sorgo,S-EH,54,20/05/2016,30/06/2016,109,659,01/07/2016,29/08/2016,38,585,30/08/2016,28/10/2016,16.50%,1500,78600,12969,1,Michoacán,41638,Sorgo,52.4
103,Michoacán,MNOMC,16114,41640,Morelia Norte,-101.182778,19.721667,-1011058,194318,425,Sorgo,S-EH,48,20/05/2016,30/06/2016,67,836,01/07/2016,29/08/2016,26,587,30/08/2016,28/10/2016,16.50%,1500,637500,105187.5,1,Michoacán,41640,Sorgo,425
104,Michoacán,MLPMC,16096,41641,Malpais,-100.8825,19.809167,-1005257,194833,500.61,Sorgo,S-EH,46,20/05/2016,30/06/2016,109,655,01/07/2016,29/08/2016,38,585,30/08/2016,28/10/2016,16.50%,1500,750915,123900.98,1,Michoacán,41641,Sorgo,500.61
105,Michoacán,MCEMC,16081,41642,Morelia Centro,-101.150556,19.694444,-1010902,194140,325,Sorgo,S-EH,54,20/05/2016,30/06/2016,109,604,01/07/2016,29/08/2016,38,585,30/08/2016,28/10/2016,16.50%,1500,487500,80437.5,1,Michoacán,41642,Sorgo,325
106,Michoacán,CMNMC,16059,41657,Caimanera,-100.865278,18.491111,-1005155,182928,1416,Sorgo,S-EH,46,20/05/2016,30/06/2016,113,748,01/07/2016,29/08/2016,38,677,30/08/2016,28/10/2016,16.50%,1500,2124000,350460,1,Michoacán,41657,Sorgo,1416
107,Michoacán,LPNMC,16074,41658,Los Panches,-102.003611,18.687222,-1020013,184114,1385.7,Sorgo,S-EH,49,20/05/2016,30/06/2016,113,604,01/07/2016,29/08/2016,38,585,30/08/2016,28/10/2016,16.50%,1500,2078550,342960.75,1,Michoacán,41658,Sorgo,1385.7
108,Michoacán,LPZMC,16075,41660,Los Pinzanes,-101.165278,18.735278,-1010955,184407,454,Sorgo,S-EH,55,20/05/2016,30/06/2016,113,604,01/07/2016,29/08/2016,38,585,30/08/2016,28/10/2016,16.50%,1500,681000,112365,1,Michoacán,41660,Sorgo,454
109,Michoacán,APAMC,16007,41672,Apatzingan,-102.371667,19.082778,-1022218,190458,229,Sorgo,S-EH,45,20/05/2016,30/06/2016,113,607,01/07/2016,29/08/2016,38,732,30/08/2016,28/10/2016,16.50%,1500,343500,56677.5,1,Michoacán,41672,Sorgo,229
110,Michoacán,DBOMC,16036,41699,El Bosque,-100.4125,19.360278,-1002445,192137,95,Sorgo,S-EH,47,20/05/2016,30/06/2016,109,604,01/07/2016,29/08/2016,38,585,30/08/2016,28/10/2016,16.50%,1500,142500,23512.5,1,Michoacán,41699,Sorgo,95
111,Oaxaca,IXTOX,20039,62014,Ixtepec,-95.084252,16.552002,163307.21,-950503.31,25,Frijol,S-EH,25,01/07/2016,31/07/2016,30,687,01/08/2016,09/09/2016,22,658,10/09/2016,09/10/2016,18.36%,1500,37500,6885,1,Oaxaca,20039,Frijol,25
112,Oaxaca,JDMOX,20043,62009,Benito Juárez (Jalapa del Marqués),-95.446559,16.441978,162631.12,-952647.61,23,Frijol,S-EH,49,01/07/2016,31/07/2016,81,687,01/08/2016,09/09/2016,53,658,10/09/2016,09/10/2016,18.36%,1500,34500,6334.2,1,Oaxaca,20043,Frijol,23
113,Oaxaca,OSTOX,20082,62017,Ostuta,-94.437946,16.496633,162947.88,-942616.61,7,Frijol,S-EH,35,01/07/2016,31/07/2016,30,687,01/08/2016,09/09/2016,22,658,10/09/2016,09/10/2016,18.36%,1500,10500,1927.8,1,Oaxaca,20082,Frijol,7
114,Oaxaca,TEQOX,20162,62024,Tequisistlán,-95.6,16.416667,162500,-953600,15,Frijol,S-EH,25,01/07/2016,31/07/2016,30,687,01/08/2016,09/09/2016,22,658,10/09/2016,09/10/2016,18.36%,1500,22500,4131,1,Oaxaca,20162,Frijol,15
115,Oaxaca,TLPGR,12091,41209,Tlapa,-98.587059,17.549136,173256.89,-983513.41,306,Maiz,S-EH,48,01/06/2016,10/07/2016,91,961,11/07/2016,10/09/2016,49,652,11/09/2016,10/11/2016,18.36%,1500,459000,84272.4,1,Oaxaca,12091,Maiz,306
116,Oaxaca,CDOOX,20014,62033,Cerro de Oro (Miguel de la Madrid),-96.264436,18.006663,180023.99,-961551.97,3206,Maiz,S-EH,48,01/06/2016,10/07/2016,220,2141,11/07/2016,10/09/2016,139,1499,11/09/2016,10/11/2016,18.36%,1500,4809000,882932.4,1,Oaxaca,20014,Maiz,3206
117,Oaxaca,CHIOX,20027,62016,Chicapa,-94.80412,16.574666,163428.8,-944814.83,3916.35,Maiz,S-EH,48,01/06/2016,10/07/2016,91,961,11/07/2016,10/09/2016,49,652,11/09/2016,10/11/2016,18.36%,1500,5874525,1078562.79,1,Oaxaca,20027,Maiz,3916.35
118,Oaxaca,IXTOX,20039,62014,Ixtepec,-95.084252,16.552002,163307.21,-950503.31,2893,Maiz,S-EH,48,01/06/2016,10/07/2016,91,961,11/07/2016,10/09/2016,49,652,11/09/2016,10/11/2016,18.36%,1500,4339500,796732.2,1,Oaxaca,20039,Maiz,2893
119,Oaxaca,JACOX,20042,62028,Jacatepec,-96.2,17.866667,175200,-961200,5370.29,Maiz,S-EH,48,01/06/2016,10/07/2016,220,2141,11/07/2016,10/09/2016,139,1499,11/09/2016,10/11/2016,18.36%,1500,8055435,1478977.87,1,Oaxaca,20042,Maiz,5370.29
120,Oaxaca,JDMOX,20043,62009,Benito Juárez (Jalapa del Marqués),-95.446559,16.441978,162631.12,-952647.61,1722,Maiz,S-EH,48,01/06/2016,10/07/2016,91,961,11/07/2016,10/09/2016,49,652,11/09/2016,10/11/2016,18.36%,1500,2583000,474238.8,1,Oaxaca,20043,Maiz,1722
121,Oaxaca,OACOX,20079,62025,Oaxaca Centro,-96.709599,17.082905,170458.46,-964234.56,14596.29,Maiz,S-EH,48,01/06/2016,10/07/2016,91,961,11/07/2016,10/09/2016,49,652,11/09/2016,10/11/2016,18.36%,1500,21894435,4019818.27,1,Oaxaca,20079,Maiz,14596.29
122,Oaxaca,OSTOX,20082,62017,Ostuta,-94.437946,16.496633,162947.88,-942616.61,3381.2,Maiz,S-EH,48,01/06/2016,10/07/2016,91,961,11/07/2016,10/09/2016,49,652,11/09/2016,10/11/2016,18.36%,1500,5071800,931182.48,1,Oaxaca,20082,Maiz,3381.2
123,Oaxaca,TEMOX,20152,62031,Temazcal (Pdte. Alemán),-96.416667,18.233333,181400,-962500,5948.05,Maiz,S-EH,48,01/06/2016,10/07/2016,220,1374,11/07/2016,10/09/2016,139,825,11/09/2016,10/11/2016,18.36%,1500,8922075,1638092.97,1,Oaxaca,20152,Maiz,5948.05
124,Oaxaca,TEQOX,20162,62024,Tequisistlán,-95.6,16.416667,162500,-953600,4999.85,Maiz,S-EH,48,01/06/2016,10/07/2016,50,961,11/07/2016,10/09/2016,23,652,11/09/2016,10/11/2016,18.36%,1500,7499775,1376958.69,1,Oaxaca,20162,Maiz,4999.85
125,Oaxaca,ZANOX,20292,62034,Zanatepec,-94.366678,16.482831,162858.19,-942200.04,1534,Maiz,S-EH,48,01/06/2016,10/07/2016,91,961,11/07/2016,10/09/2016,49,652,11/09/2016,10/11/2016,18.36%,1500,2301000,422463.6,1,Oaxaca,20292,Maiz,1534
126,Oaxaca,MAROX,20506,62038,María Lombardo,-95.435462,17.450202,172700.73,-952607.66,4624.54,Maiz,S-EH,48,01/06/2016,10/07/2016,91,1617,11/07/2016,10/09/2016,49,922,11/09/2016,10/11/2016,18.36%,1500,6936810,1273598.32,1,Oaxaca,20506,Maiz,4624.54
127,Oaxaca,VAZVC,30013,33048,Villa Azueta,-95.70333,18.072087,180419.51,-954211.99,795,Maiz,S-EH,48,01/06/2016,10/07/2016,220,1374,11/07/2016,10/09/2016,139,825,11/09/2016,10/11/2016,18.36%,1500,1192500,218943,1,Oaxaca,30013,Maiz,795
128,Oaxaca,LPEVC,30090,33065,Las Perlas,-94.916667,17.416667,172500,-945500,2039,Maiz,S-EH,48,01/06/2016,10/07/2016,91,1617,11/07/2016,10/09/2016,49,922,11/09/2016,10/11/2016,18.36%,1500,3058500,561540.6,1,Oaxaca,30090,Maiz,2039
129,Oaxaca,JCRVC,30224,33061,Jesús Carranza,-95.01914,17.429414,172545.89,-950108.9,750,Maiz,S-EH,48,01/06/2016,10/07/2016,91,1445,11/07/2016,10/09/2016,49,685,11/09/2016,10/11/2016,18.36%,1500,1125000,206550,1,Oaxaca,30224,Maiz,750
130,Oaxaca,TLPGR,12091,41209,Tlapa,-98.587059,17.549136,173256.89,-983513.41,8.4,Sorgo,S-EH,48,08/06/2016,15/07/2016,80,1179,16/07/2016,25/08/2016,78,808,26/08/2016,06/10/2016,18.36%,1500,12600,2313.36,1,Oaxaca,12091,Sorgo,8.4
131,Oaxaca,CHIOX,20027,62016,Chicapa,-94.80412,16.574666,163428.8,-944814.83,3381.67,Sorgo,S-EH,48,08/06/2016,15/07/2016,80,1179,16/07/2016,25/08/2016,78,808,26/08/2016,06/10/2016,18.36%,1500,5072505,931311.92,1,Oaxaca,20027,Sorgo,3381.67
132,Oaxaca,IXTOX,20039,62014,Ixtepec,-95.084252,16.552002,163307.21,-950503.31,1836,Sorgo,S-EH,45,08/06/2016,15/07/2016,50,1179,16/07/2016,25/08/2016,70,808,26/08/2016,06/10/2016,18.36%,1500,2754000,505634.4,1,Oaxaca,20039,Sorgo,1836
133,Oaxaca,JDMOX,20043,62009,Benito Juárez (Jalapa del Marqués),-95.446559,16.441978,162631.12,-952647.61,471,Sorgo,S-EH,48,08/06/2016,15/07/2016,62,1179,16/07/2016,25/08/2016,78,808,26/08/2016,06/10/2016,18.36%,1500,706500,129713.4,1,Oaxaca,20043,Sorgo,471
134,Oaxaca,OSTOX,20082,62017,Ostuta,-94.437946,16.496633,162947.88,-942616.61,1220,Sorgo,S-EH,48,08/06/2016,15/07/2016,80,1179,16/07/2016,25/08/2016,78,808,26/08/2016,06/10/2016,18.36%,1500,1830000,335988,1,Oaxaca,20082,Sorgo,1220
135,Puebla,LIBPB,21119,52111,Libres,-97.691111,19.457222,-974128,192726,5278,Cebada,S-EH,40,15/05/2016,24/06/2016,90,601,25/06/2016,29/08/2016,35,533,30/08/2016,14/10/2016,25.00%,1500,7917000,1979250,1,Puebla,52111,Cebada,5278
136,Puebla,CDSPB,21026,52112,Cd. Serdán,-97.441667,18.987222,-972630,185914,718,Cebada,S-EH,40,15/05/2016,24/06/2016,100,601,25/06/2016,29/08/2016,45,533,30/08/2016,14/10/2016,25.00%,1500,1077000,269250,1,Puebla,52112,Cebada,718
137,Puebla,HUAPB,21118,52114,Huauchinango,-98.050833,20.176389,-980303,201035,591,Cebada,S-EH,35,15/05/2016,24/06/2016,105,1229,25/06/2016,29/08/2016,46,974,30/08/2016,14/10/2016,25.00%,1500,886500,221625,1,Puebla,52114,Cebada,591
138,Puebla,TEZPB,21091,52116,Teziutlán,-97.360556,19.818889,-972138,194908,622,Cebada,S-EH,35,15/05/2016,24/06/2016,105,1139,25/06/2016,29/08/2016,46,974,30/08/2016,14/10/2016,25.00%,1500,933000,233250,1,Puebla,52116,Cebada,622
139,Puebla,SOLPB,21064,52119,La Soledad,-97.446528,19.960817,-972647.5,195738.94,1582,Cebada,S-EH,35,15/05/2016,24/06/2016,66,1849,25/06/2016,29/08/2016,42,1648,30/08/2016,14/10/2016,25.00%,1500,2373000,593250,1,Puebla,52119,Cebada,1582
140,Puebla,CTZPB,21032,52128,Cuetzalan,-97.526822,20.024856,-973136.56,200129.48,429,Cebada,S-EH,35,15/05/2016,24/06/2016,66,1849,25/06/2016,29/08/2016,42,1708,30/08/2016,14/10/2016,25.00%,1500,643500,160875,1,Puebla,52128,Cebada,429
141,Puebla,VENPB,21142,52130,Venustiano Carranza,-97.675833,20.510278,-974033,203037,137,Cebada,S-EH,35,15/05/2016,24/06/2016,66,945,25/06/2016,29/08/2016,42,732,30/08/2016,14/10/2016,25.00%,1500,205500,51375,1,Puebla,52130,Cebada,137
142,Puebla,ACJPB,21136,52143,Acajete,-97.951111,19.103333,-975704,190612,304,Cebada,S-EH,40,15/05/2016,24/06/2016,100,601,25/06/2016,29/08/2016,45,543,30/08/2016,14/10/2016,25.00%,1500,456000,114000,1,Puebla,52143,Cebada,304
143,Puebla,CNGPB,21140,52144,Chignahuapan,-98.050533,19.743639,-980301.92,194437.1,5256,Cebada,S-EH,35,15/05/2016,24/06/2016,66,601,25/06/2016,29/08/2016,42,533,30/08/2016,14/10/2016,25.00%,1500,7884000,1971000,1,Puebla,52144,Cebada,5256
144,Puebla,HMTTL,29011,52907,Huamantla,-97.911111,19.315833,-975440,191857,355,Cebada,S-EH,40,15/05/2016,24/06/2016,100,601,25/06/2016,29/08/2016,45,543,30/08/2016,14/10/2016,25.00%,1500,532500,133125,1,Puebla,52907,Cebada,355
145,Puebla,SJATL,29003,52910,San José Atlanga,-98.199989,19.554542,-981159.96,193316.35,248,Cebada,S-EH,35,15/05/2016,24/06/2016,105,601,25/06/2016,29/08/2016,46,543,30/08/2016,14/10/2016,25.00%,1500,372000,93000,1,Puebla,52910,Cebada,248
146,Puebla,JNCMR,17028,51723,Jonacatepec,-98.8,18.7,-984800,184200,93,Frijol,S-EH,58,15/06/2016,31/07/2016,42,641,01/08/2016,09/09/2016,40,643,10/09/2016,14/10/2016,25.00%,1500,139500,34875,1,Puebla,51723,Frijol,93
147,Puebla,ECHPB,21034,52102,Echeverría,-98.275556,18.966111,-981632,185758,1377,Frijol,S-EH,58,15/06/2016,31/07/2016,42,641,01/08/2016,09/09/2016,40,643,10/09/2016,14/10/2016,25.00%,1500,2065500,516375,1,Puebla,52102,Frijol,1377
148,Puebla,LIBPB,21119,52111,Libres,-97.691111,19.457222,-974128,192726,520,Frijol,S-EH,54,15/06/2016,31/07/2016,38,641,01/08/2016,09/09/2016,35,643,10/09/2016,14/10/2016,25.00%,1500,780000,195000,1,Puebla,52111,Frijol,520
149,Puebla,HUAPB,21118,52114,Huauchinango,-98.050833,20.176389,-980303,201035,150,Frijol,S-EH,58,15/06/2016,31/07/2016,173,855,01/08/2016,19/09/2016,73,645,20/09/2016,29/10/2016,25.00%,1500,225000,56250,1,Puebla,52114,Frijol,150
150,Puebla,XDJPB,21127,52115,Xicotepec de Juárez,-97.956944,20.277222,-975725,201638,436,Frijol,S-EH,58,15/06/2016,31/07/2016,173,1350,01/08/2016,19/09/2016,73,1225,20/09/2016,29/10/2016,25.00%,1500,654000,163500,1,Puebla,52115,Frijol,436
151,Puebla,TEZPB,21091,52116,Teziutlán,-97.360556,19.818889,-972138,194908,82,Frijol,S-EH,58,15/06/2016,31/07/2016,173,855,01/08/2016,19/09/2016,73,645,20/09/2016,29/10/2016,25.00%,1500,123000,30750,1,Puebla,52116,Frijol,82
152,Puebla,SOLPB,21064,52119,La Soledad,-97.446528,19.960817,-972647.5,195738.94,44,Frijol,S-EH,58,15/06/2016,31/07/2016,173,1350,01/08/2016,19/09/2016,73,935,20/09/2016,29/10/2016,25.00%,1500,66000,16500,1,Puebla,52119,Frijol,44
153,Puebla,CHIPB,21024,52121,Chietla,-98.579167,18.516111,-983445,183058,181,Frijol,S-EH,58,15/06/2016,31/07/2016,42,641,01/08/2016,09/09/2016,40,643,10/09/2016,14/10/2016,25.00%,1500,271500,67875,1,Puebla,52121,Frijol,181
154,Puebla,SMCPB,21148,52125,San Miguel Canoa,-98.103056,19.151944,-980611,190907,1475,Frijol,S-EH,54,15/06/2016,31/07/2016,38,997,01/08/2016,24/09/2016,25,685,25/09/2016,03/11/2016,25.00%,1500,2212500,553125,1,Puebla,52125,Frijol,1475
155,Puebla,IZMPB,21132,52126,Izucar de Matamoros,-98.466389,18.610833,-982759,183639,337,Frijol,S-EH,58,15/06/2016,31/07/2016,42,641,01/08/2016,09/09/2016,40,643,10/09/2016,14/10/2016,25.00%,1500,505500,126375,1,Puebla,52126,Frijol,337
156,Puebla,HJTPB,21046,52127,Huejotzingo,-98.406389,19.161944,-982423,190943,1552,Frijol,S-EH,58,15/06/2016,31/07/2016,80,997,01/08/2016,24/09/2016,40,685,25/09/2016,03/11/2016,25.00%,1500,2328000,582000,1,Puebla,52127,Frijol,1552
157,Puebla,CTZPB,21032,52128,Cuetzalan,-97.526822,20.024856,-973136.56,200129.48,14,Frijol,S-EH,58,15/06/2016,31/07/2016,173,1350,01/08/2016,19/09/2016,73,1225,20/09/2016,29/10/2016,25.00%,1500,21000,5250,1,Puebla,52128,Frijol,14
158,Puebla,CNGPB,21140,52144,Chignahuapan,-98.050533,19.743639,-980301.92,194437.1,230,Frijol,S-EH,58,15/06/2016,31/07/2016,80,997,01/08/2016,24/09/2016,40,685,25/09/2016,03/11/2016,25.00%,1500,345000,86250,1,Puebla,52144,Frijol,230
159,Puebla,ADOPB,21003,52152,Acatlán de Osorio,-98.055,18.277222,-980318,181638,236,Frijol,S-EH,58,15/06/2016,31/07/2016,42,641,01/08/2016,09/09/2016,40,643,10/09/2016,14/10/2016,25.00%,1500,354000,88500,1,Puebla,52152,Frijol,236
160,Puebla,OBSTL,29030,52902,Observatorio,-98.238611,19.316667,-981419,191900,49,Frijol,S-EH,58,15/06/2016,31/07/2016,80,997,01/08/2016,24/09/2016,40,685,25/09/2016,03/11/2016,25.00%,1500,73500,18375,1,Puebla,52902,Frijol,49
161,Puebla,HMTTL,29011,52907,Huamantla,-97.911111,19.315833,-975440,191857,375,Frijol,S-EH,54,15/06/2016,31/07/2016,38,997,01/08/2016,24/09/2016,25,685,25/09/2016,03/11/2016,25.00%,1500,562500,140625,1,Puebla,52907,Frijol,375
162,Puebla,CPPTL,29035,52908,Calpulalpan,-98.563889,19.586111,-983350,193510,79,Frijol,S-EH,54,15/06/2016,31/07/2016,38,997,01/08/2016,24/09/2016,25,685,25/09/2016,03/11/2016,25.00%,1500,118500,29625,1,Puebla,52908,Frijol,79
163,Puebla,SBTVC,30361,33011,Sombrerete,-97.787564,20.892497,-974715.23,205332.99,87.86,Maíz,S-EH,67,01/06/2016,31/07/2016,134,635,01/08/2016,30/09/2016,34,925,01/10/2016,15/11/2016,25.00%,1500,131790,32947.5,1,Puebla,33011,Maíz,87.86
164,Puebla,PRCVC,30132,33012,Poza Rica,-97.478333,20.540833,-972842,203227,161.15,Maíz,S-EH,67,01/06/2016,31/07/2016,134,591,01/08/2016,30/09/2016,34,925,01/10/2016,15/11/2016,25.00%,1500,241725,60431.25,1,Puebla,33012,Maíz,161.15
165,Puebla,ALTVC,30008,33021,Altotonga,-97.250897,19.766419,-971503.23,194559.11,1404.42,Maíz,S-EH,,,,194,947,15/05/2016,31/07/2016,203,1275,01/08/2016,05/10/2016,25.00%,1500,2106630,526657.5,1,Puebla,33021,Maíz,1404.42
166,Puebla,XXHGR,12199,41260,Xochihuehuetlán,-98.488333,17.903889,-982918,175414,6026,Maíz,S-EH,62,10/06/2016,25/07/2016,88,508,26/07/2016,15/09/2016,53,553,16/09/2016,31/10/2016,25.00%,1500,9039000,2259750,1,Puebla,41260,Maíz,6026
167,Puebla,JNCMR,17028,51723,Jonacatepec,-98.8,18.7,-984800,184200,2114.5,Maíz,S-EH,62,10/06/2016,25/07/2016,88,508,26/07/2016,15/09/2016,53,553,16/09/2016,31/10/2016,25.00%,1500,3171750,792937.5,1,Puebla,51723,Maíz,2114.5
168,Puebla,ECHPB,21034,52102,Echeverría,-98.275556,18.966111,-981632,185758,10678.03,Maíz,S-EH,39,15/05/2016,15/06/2016,106,599,16/06/2016,31/08/2016,74,465,01/09/2016,09/11/2016,25.00%,1500,16017045,4004261.25,1,Puebla,52102,Maíz,10678.03
169,Puebla,LIBPB,21119,52111,Libres,-97.691111,19.457222,-974128,192726,8429.59,Maíz,S-EH,,,,91,417,15/05/2016,31/07/2016,82,581,01/08/2016,05/10/2016,25.00%,1500,12644385,3161096.25,1,Puebla,52111,Maíz,8429.59
170,Puebla,CDSPB,21026,52112,Cd. Serdán,-97.441667,18.987222,-972630,185914,17496.61,Maíz,S-EH,,,,140,755,15/05/2016,31/07/2016,120,600,01/08/2016,05/10/2016,25.00%,1500,26244915,6561228.75,1,Puebla,52112,Maíz,17496.61
171,Puebla,HUAPB,21118,52114,Huauchinango,-98.050833,20.176389,-980303,201035,5643.46,Maíz,S-EH,,,,194,947,15/05/2016,31/07/2016,203,1275,01/08/2016,05/10/2016,25.00%,1500,8465190,2116297.5,1,Puebla,52114,Maíz,5643.46
172,Puebla,XDJPB,21127,52115,Xicotepec de Juárez,-97.956944,20.277222,-975725,201638,3184.99,Maíz,S-EH,88,01/06/2016,31/07/2016,257,1497,01/08/2016,30/09/2016,121,1123,01/10/2016,15/11/2016,25.00%,1500,4777485,1194371.25,1,Puebla,52115,Maíz,3184.99
173,Puebla,TEZPB,21091,52116,Teziutlán,-97.360556,19.818889,-972138,194908,2718.61,Maíz,S-EH,,,,194,947,15/05/2016,31/07/2016,203,1275,01/08/2016,05/10/2016,25.00%,1500,4077915,1019478.75,1,Puebla,52116,Maíz,2718.61
174,Puebla,SOLPB,21064,52119,La Soledad,-97.446528,19.960817,-972647.5,195738.94,3944.72,Maíz,S-EH,,,,194,1850,15/05/2016,31/07/2016,203,1655,01/08/2016,05/10/2016,25.00%,1500,5917080,1479270,1,Puebla,52119,Maíz,3944.72
175,Puebla,CHIPB,21024,52121,Chietla,-98.579167,18.516111,-983445,183058,5231.84,Maíz,S-EH,62,10/06/2016,25/07/2016,88,508,26/07/2016,15/09/2016,53,553,16/09/2016,31/10/2016,25.00%,1500,7847760,1961940,1,Puebla,52121,Maíz,5231.84
176,Puebla,PIXPB,21063,52124,Piaxtla,-98.26,18.197778,-981536,181152,12609.6,Maíz,S-EH,62,10/06/2016,25/07/2016,88,508,26/07/2016,15/09/2016,53,553,16/09/2016,31/10/2016,25.00%,1500,18914400,4728600,1,Puebla,52124,Maíz,12609.6
177,Puebla,SMCPB,21148,52125,San Miguel Canoa,-98.103056,19.151944,-980611,190907,8801,Maíz,S-EH,,,,50,565,15/05/2016,31/07/2016,63,600,01/08/2016,05/10/2016,25.00%,1500,13201500,3300375,1,Puebla,52125,Maíz,8801
178,Puebla,IZMPB,21132,52126,Izucar de Matamoros,-98.466389,18.610833,-982759,183639,5037.66,Maíz,S-EH,62,10/06/2016,25/07/2016,88,575,26/07/2016,15/09/2016,40,553,16/09/2016,31/10/2016,25.00%,1500,7556490,1889122.5,1,Puebla,52126,Maíz,5037.66
179,Puebla,HJTPB,21046,52127,Huejotzingo,-98.406389,19.161944,-982423,190943,11779.92,Maíz,S-EH,,,,168,519,15/05/2016,31/07/2016,128,581,01/08/2016,05/10/2016,25.00%,1500,17669880,4417470,1,Puebla,52127,Maíz,11779.92
180,Puebla,CTZPB,21032,52128,Cuetzalan,-97.526822,20.024856,-973136.56,200129.48,5306.83,Maíz,S-EH,88,01/06/2016,31/07/2016,257,1682,01/08/2016,30/09/2016,121,1123,01/10/2016,15/11/2016,25.00%,1500,7960245,1990061.25,1,Puebla,52128,Maíz,5306.83
181,Puebla,VENPB,21142,52130,Venustiano Carranza,-97.675833,20.510278,-974033,203037,2975.43,Maíz,S-EH,67,01/06/2016,31/07/2016,175,835,01/08/2016,30/09/2016,26,1165,01/10/2016,15/11/2016,25.00%,1500,4463145,1115786.25,1,Puebla,52130,Maíz,2975.43
182,Puebla,ACJPB,21136,52143,Acajete,-97.951111,19.103333,-975704,190612,17507.13,Maíz,S-EH,,,,168,519,15/05/2016,31/07/2016,128,581,01/08/2016,05/10/2016,25.00%,1500,26260695,6565173.75,1,Puebla,52143,Maíz,17507.13
183,Puebla,CNGPB,21140,52144,Chignahuapan,-98.050533,19.743639,-980301.92,194437.1,12234.01,Maíz,S-EH,,,,91,417,15/05/2016,31/07/2016,82,581,01/08/2016,05/10/2016,25.00%,1500,18351015,4587753.75,1,Puebla,52144,Maíz,12234.01
184,Puebla,ADOPB,21003,52152,Acatlán de Osorio,-98.055,18.277222,-980318,181638,12762.52,Maíz,S-EH,62,10/06/2016,25/07/2016,88,508,26/07/2016,15/09/2016,40,553,16/09/2016,31/10/2016,25.00%,1500,19143780,4785945,1,Puebla,52152,Maíz,12762.52
185,Puebla,QUIPB,21067,52158,Quimixtlán,-97.105739,19.296764,-970620.66,191748.35,8672,Maíz,S-EH,,,,194,947,15/05/2016,31/07/2016,203,1275,01/08/2016,05/10/2016,25.00%,1500,13008000,3252000,1,Puebla,52158,Maíz,8672
186,Puebla,OBSTL,29030,52902,Observatorio,-98.238611,19.316667,-981419,191900,1166,Maíz,S-EH,,,,168,519,15/05/2016,31/07/2016,128,581,01/08/2016,05/10/2016,25.00%,1500,1749000,437250,1,Puebla,52902,Maíz,1166
187,Puebla,HMTTL,29011,52907,Huamantla,-97.911111,19.315833,-975440,191857,3735.27,Maíz,S-EH,,,,91,417,15/05/2016,31/07/2016,82,581,01/08/2016,05/10/2016,25.00%,1500,5602905,1400726.25,1,Puebla,52907,Maíz,3735.27
188,Puebla,CPPTL,29035,52908,Calpulalpan,-98.563889,19.586111,-983350,193510,506.07,Maíz,S-EH,,,,91,417,15/05/2016,31/07/2016,82,581,01/08/2016,05/10/2016,25.00%,1500,759105,189776.25,1,Puebla,52908,Maíz,506.07
189,Puebla,SJATL,29003,52910,San José Atlanga,-98.199989,19.554542,-981159.96,193316.35,258,Maíz,S-EH,,,,91,417,15/05/2016,31/07/2016,82,581,01/08/2016,05/10/2016,25.00%,1500,387000,96750,1,Puebla,52910,Maíz,258
190,Puebla,XXHGR,12199,41260,Xochihuehuetlán,-98.488333,17.903889,-982918,175414,19,Sorgo,S-EH,58,01/06/2016,15/07/2016,70,561,16/07/2016,31/08/2016,80,501,01/09/2016,31/10/2016,25.00%,1500,28500,7125,1,Puebla,41260,Sorgo,19
191,Puebla,JNCMR,17028,51723,Jonacatepec,-98.8,18.7,-984800,184200,3686,Sorgo,S-EH,58,01/06/2016,15/07/2016,120,653,16/07/2016,31/08/2016,112,627,01/09/2016,31/10/2016,25.00%,1500,5529000,1382250,1,Puebla,51723,Sorgo,3686
192,Puebla,ECHPB,21034,52102,Echeverría,-98.275556,18.966111,-981632,185758,41,Sorgo,S-EH,58,01/06/2016,15/07/2016,120,561,16/07/2016,31/08/2016,112,501,01/09/2016,31/10/2016,25.00%,1500,61500,15375,1,Puebla,52102,Sorgo,41
193,Puebla,CHIPB,21024,52121,Chietla,-98.579167,18.516111,-983445,183058,3024.1,Sorgo,S-EH,58,01/06/2016,15/07/2016,120,653,16/07/2016,31/08/2016,112,627,01/09/2016,31/10/2016,25.00%,1500,4536150,1134037.5,1,Puebla,52121,Sorgo,3024.1
194,Puebla,PIXPB,21063,52124,Piaxtla,-98.26,18.197778,-981536,181152,153,Sorgo,S-EH,50,01/06/2016,15/07/2016,55,653,16/07/2016,31/08/2016,60,627,01/09/2016,31/10/2016,25.00%,1500,229500,57375,1,Puebla,52124,Sorgo,153
195,Puebla,IZMPB,21132,52126,Izucar de Matamoros,-98.466389,18.610833,-982759,183639,2502.9,Sorgo,S-EH,50,01/06/2016,15/07/2016,55,653,16/07/2016,31/08/2016,60,627,01/09/2016,31/10/2016,25.00%,1500,3754350,938587.5,1,Puebla,52126,Sorgo,2502.9
196,Puebla,ADOPB,21003,52152,Acatlán de Osorio,-98.055,18.277222,-980318,181638,133.5,Sorgo,S-EH,50,01/06/2016,15/07/2016,55,403,16/07/2016,31/08/2016,60,299,01/09/2016,31/10/2016,25.00%,1500,200250,50062.5,1,Puebla,52152,Sorgo,133.5
197,Querétaro,AEGGJ,11005,41105,Apaseo el Grande,-100.683333,20.533333,-1004100,203200,13,Frijol,S-EH,35,01/06/2016,31/07/2016,57,368,01/08/2016,20/09/2016,20,407,21/09/2016,15/11/2016,21.50%,1500,19500,4192.5,1,Querétaro,41105,Frijol,13
198,Querétaro,AMCGJ,11105,41106,Ameche,-100.583333,20.55,-1003500,203300,91,Frijol,S-EH,35,01/06/2016,31/07/2016,50,597,01/08/2016,20/09/2016,20,520,21/09/2016,15/11/2016,21.50%,1500,136500,29347.5,1,Querétaro,41106,Frijol,91
199,Querétaro,CNSQT,22028,42204,Constitución de 1917,-100.0725,20.418333,-1000421,202506,176,Frijol,S-EH,35,01/06/2016,31/07/2016,57,368,01/08/2016,20/09/2016,20,407,21/09/2016,15/11/2016,21.50%,1500,264000,56760,1,Querétaro,42204,Frijol,176
200,Querétaro,BATQT,22004,42205,El Batán,-100.424311,20.504644,-1002527.52,203016.72,186,Frijol,S-EH,35,01/06/2016,31/07/2016,57,368,01/08/2016,20/09/2016,20,407,21/09/2016,15/11/2016,21.50%,1500,279000,59985,1,Querétaro,42205,Frijol,186
201,Querétaro,JRQQT,22045,42208,Juriquilla,-100.45,20.7,-1002700,204200,378,Frijol,S-EH,35,01/06/2016,31/07/2016,57,368,01/08/2016,20/09/2016,20,407,21/09/2016,15/11/2016,21.50%,1500,567000,121905,1,Querétaro,42208,Frijol,378
202,Querétaro,CARQT,22027,42215,Carrillo,-100.435556,20.604167,-1002608,203615,292,Frijol,S-EH,35,01/06/2016,31/07/2016,57,368,01/08/2016,20/09/2016,20,407,21/09/2016,15/11/2016,21.50%,1500,438000,94170,1,Querétaro,42215,Frijol,292
203,Querétaro,PNDMX,15273,51532,Ñado,-99.695428,20.048333,-994143.54,200254,12,Frijol,S-EH,35,01/06/2016,31/07/2016,57,1046,01/08/2016,20/09/2016,20,863,21/09/2016,15/11/2016,21.50%,1500,18000,3870,1,Querétaro,51532,Frijol,12
204,Querétaro,AEGGJ,11005,41105,Apaseo el Grande,-100.683333,20.533333,-1004100,203200,192,Maiz,S-EH,,,,110,589,01/06/2016,31/07/2016,109,650,01/08/2016,31/10/2016,21.50%,1500,288000,61920,1,Querétaro,41105,Maiz,192
205,Querétaro,AMCGJ,11105,41106,Ameche,-100.583333,20.55,-1003500,203300,617,Maiz,S-EH,,,,70,589,01/06/2016,31/07/2016,109,650,01/08/2016,31/10/2016,21.50%,1500,925500,198982.5,1,Querétaro,41106,Maiz,617
206,Querétaro,CNSQT,22028,42204,Constitución de 1917,-100.0725,20.418333,-1000421,202506,13333,Maiz,S-EH,,,,90,600,01/06/2016,31/07/2016,80,655,01/08/2016,31/10/2016,21.50%,1500,19999500,4299892.5,1,Querétaro,42204,Maiz,13333
207,Querétaro,BATQT,22004,42205,El Batán,-100.424311,20.504644,-1002527.52,203016.72,8437.12,Maiz,S-EH,,,,60,700,01/06/2016,31/07/2016,90,650,01/08/2016,31/10/2016,21.50%,1500,12655680,2720971.2,1,Querétaro,42205,Maiz,8437.12
208,Querétaro,JRQQT,22045,42208,Juriquilla,-100.45,20.7,-1002700,204200,3100,Maiz,S-EH,,,,50,600,01/06/2016,31/07/2016,60,650,01/08/2016,31/10/2016,21.50%,1500,4650000,999750,1,Querétaro,42208,Maiz,3100
209,Querétaro,PNDMX,15273,51532,Ñado,-99.695428,20.048333,-994143.54,200254,938,Maiz,S-EH,,,,110,700,01/06/2016,31/07/2016,90,780,01/08/2016,31/10/2016,21.50%,1500,1407000,302505,1,Querétaro,51532,Maiz,938
210,Sinaloa,GTNSI,25041,12530,Guatenipa,-107.225,25.344444,-1071330,252040,957,Maíz,S-EH,36,16/06/2016,21/07/2016,130,516,22/07/2016,31/08/2016,54,613,01/09/2016,03/11/2016,19.71%,1500,1435500,282937.05,1,Sinaloa,12530,Maíz,957
211,Sinaloa,ALMSI,25033,12531,Adolfo López Mateos,-107.383333,25.090278,-1072300,250525,2362,Maíz,S-EH,36,16/06/2016,21/07/2016,130,516,22/07/2016,31/08/2016,54,613,01/09/2016,03/11/2016,19.71%,1500,3543000,698325.3,1,Sinaloa,12531,Maíz,2362
212,Sinaloa,SNLSI,25081,12532,Sanalona,-107.158333,24.813889,-1070930,244850,2114,Maíz,S-EH,36,16/06/2016,21/07/2016,130,516,22/07/2016,31/08/2016,54,613,01/09/2016,03/11/2016,19.71%,1500,3171000,625004.1,1,Sinaloa,12532,Maíz,2114
213,Sinaloa,CLCSI,25015,12534,Culiacán,-107.4,24.816667,-1072400,244900,1639,Maíz,S-EH,25,16/06/2016,21/07/2016,115,516,22/07/2016,31/08/2016,37,613,01/09/2016,03/11/2016,19.71%,1500,2458500,484570.35,1,Sinaloa,12534,Maíz,1639
214,Sinaloa,GMCSI,25037,12539,Guamúchil,-108.091667,25.469444,-1080530,252810,1564.69,Maíz,S-EH,25,16/06/2016,21/07/2016,90,439,22/07/2016,31/08/2016,37,718,01/09/2016,03/11/2016,19.71%,1500,2347035,462600.6,1,Sinaloa,12539,Maíz,1564.69
215,Sinaloa,SQRSI,25091,12541,Siqueros,-106.25,23.35,-1061500,232100,1566,Maíz,S-EH,25,16/06/2016,21/07/2016,115,516,22/07/2016,31/08/2016,37,613,01/09/2016,03/11/2016,19.71%,1500,2349000,462987.9,1,Sinaloa,12541,Maíz,1566
216,Sinaloa,JLPSI,25183,12542,José López Portillo,-106.807781,24.571389,-1064828.01,243417,1297,Maíz,S-EH,36,16/06/2016,21/07/2016,115,640,22/07/2016,31/08/2016,37,655,01/09/2016,03/11/2016,19.71%,1500,1945500,383458.05,1,Sinaloa,12542,Maíz,1297
217,Sinaloa,LCRSI,25050,12556,La Cruz,-106.9,23.916667,-1065400,235500,287,Maíz,S-EH,25,16/06/2016,21/07/2016,115,516,22/07/2016,31/08/2016,37,613,01/09/2016,03/11/2016,19.71%,1500,430500,84851.55,1,Sinaloa,12556,Maíz,287
218,Sinaloa,QLTSI,25031,12558,Quelite,-106.466667,23.5625,-1062800,233345,257,Maíz,S-EH,25,16/06/2016,21/07/2016,70,439,22/07/2016,31/08/2016,37,718,01/09/2016,03/11/2016,19.71%,1500,385500,75982.05,1,Sinaloa,12558,Maíz,257
219,Sinaloa,RSRSI,25078,12560,Rosario,-105.85,22.983333,-1055100,225900,1996,Maíz,S-EH,36,16/06/2016,21/07/2016,130,516,22/07/2016,31/08/2016,54,613,01/09/2016,03/11/2016,19.71%,1500,2994000,590117.4,1,Sinaloa,12560,Maíz,1996
220,Sinaloa,TMZDR,10082,21040,Tamazula,-106.968172,24.971478,-1065805.42,245817.32,385,Maíz,S-EH,36,16/06/2016,21/07/2016,130,516,22/07/2016,31/08/2016,54,613,01/09/2016,03/11/2016,19.71%,1500,577500,113825.25,1,Sinaloa,21040,Maíz,385
221,Sinaloa,JNASI,25046,12525,Jaina,-108.013889,25.9,-1080050,255400,3052,Sorgo,S-EH,25,05/06/2016,21/07/2016,38,476,22/07/2016,04/09/2016,20,622,05/09/2016,03/11/2016,19.71%,1500,4578000,902323.8,1,Sinaloa,12525,Sorgo,3052
222,Sinaloa,GTNSI,25041,12530,Guatenipa,-107.225,25.344444,-1071330,252040,1324,Sorgo,S-EH,36,05/06/2016,21/07/2016,122,476,22/07/2016,04/09/2016,50,622,05/09/2016,03/11/2016,19.71%,1500,1986000,391440.6,1,Sinaloa,12530,Sorgo,1324
223,Sinaloa,ALMSI,25033,12531,Adolfo López Mateos,-107.383333,25.090278,-1072300,250525,8269,Sorgo,S-EH,36,05/06/2016,21/07/2016,122,596,22/07/2016,04/09/2016,50,669,05/09/2016,03/11/2016,19.71%,1500,12403500,2444729.85,1,Sinaloa,12531,Sorgo,8269
224,Sinaloa,SNLSI,25081,12532,Sanalona,-107.158333,24.813889,-1070930,244850,5698,Sorgo,S-EH,36,05/06/2016,21/07/2016,122,596,22/07/2016,04/09/2016,50,622,05/09/2016,03/11/2016,19.71%,1500,8547000,1684613.7,1,Sinaloa,12532,Sorgo,5698
225,Sinaloa,CLCSI,25015,12534,Culiacán,-107.4,24.816667,-1072400,244900,10002,Sorgo,S-EH,25,05/06/2016,21/07/2016,38,476,22/07/2016,04/09/2016,20,622,05/09/2016,03/11/2016,19.71%,1500,15003000,2957091.3,1,Sinaloa,12534,Sorgo,10002
226,Sinaloa,GMCSI,25037,12539,Guamúchil,-108.091667,25.469444,-1080530,252810,8994.3,Sorgo,S-EH,25,05/06/2016,21/07/2016,38,476,22/07/2016,04/09/2016,20,622,05/09/2016,03/11/2016,19.71%,1500,13491450,2659164.8,1,Sinaloa,12539,Sorgo,8994.3
227,Sinaloa,SQRSI,25091,12541,Siqueros,-106.25,23.35,-1061500,232100,2800,Sorgo,S-EH,36,05/06/2016,21/07/2016,122,596,22/07/2016,04/09/2016,50,669,05/09/2016,03/11/2016,19.71%,1500,4200000,827820,1,Sinaloa,12541,Sorgo,2800
228,Sinaloa,QLTSI,25031,12558,Quelite,-106.466667,23.5625,-1062800,233345,1493,Sorgo,S-EH,25,05/06/2016,21/07/2016,38,596,22/07/2016,04/09/2016,34,669,05/09/2016,03/11/2016,19.71%,1500,2239500,441405.45,1,Sinaloa,12558,Sorgo,1493
229,Sinaloa,RSRSI,25078,12560,Rosario,-105.85,22.983333,-1055100,225900,158,Sorgo,S-EH,36,05/06/2016,21/07/2016,122,596,22/07/2016,04/09/2016,50,669,05/09/2016,03/11/2016,19.71%,1500,237000,46712.7,1,Sinaloa,12560,Sorgo,158
230,Sinaloa,ZOPSI,25178,12562,El Zopilote,-108.359722,25.741667,-1082135,254430,3903.9,Sorgo,S-EH,25,05/06/2016,21/07/2016,38,476,22/07/2016,04/09/2016,20,622,05/09/2016,03/11/2016,19.71%,1500,5855850,1154188.04,1,Sinaloa,12562,Sorgo,3903.9
231,Sinaloa,BDRSI,25110,12596,Badiraguato,-107.54,25.33,-1073224,251948,6787.2,Sorgo,S-EH,25,05/06/2016,21/07/2016,38,596,22/07/2016,04/09/2016,20,622,05/09/2016,03/11/2016,19.71%,1500,10180800,2006635.68,1,Sinaloa,12596,Sorgo,6787.2
232,Sinaloa,SLRSI,25081,12597,San Lorenzo,-107.1,24.8,-1070560,244800,4800,Sorgo,S-EH,36,05/06/2016,21/07/2016,122,596,22/07/2016,04/09/2016,50,622,05/09/2016,03/11/2016,19.71%,1500,7200000,1419120,1,Sinaloa,12597,Sorgo,4800
233,Sinaloa,GSVSI,25038,12598,Guasave,-108.461111,25.5625,-1082740,253345,2602.6,Sorgo,S-EH,25,05/06/2016,21/07/2016,38,476,22/07/2016,04/09/2016,20,622,05/09/2016,03/11/2016,19.71%,1500,3903900,769458.69,1,Sinaloa,12598,Sorgo,2602.6
234,Sinaloa,EBLSI,25115,12599,Eustaquio Buelna,-108.07,25.48,-1080412,252848,7693,Sorgo,S-EH,25,05/06/2016,21/07/2016,38,476,22/07/2016,04/09/2016,20,622,05/09/2016,03/11/2016,19.71%,1500,11539500,2274435.45,1,Sinaloa,12599,Sorgo,7693
235,Sinaloa,TMZDR,10082,21040,Tamazula,-106.968172,24.971478,-1065805.42,245817.32,4747,Sorgo,S-EH,36,05/06/2016,21/07/2016,122,596,22/07/2016,04/09/2016,50,622,05/09/2016,03/11/2016,19.71%,1500,7120500,1403450.55,1,Sinaloa,21040,Sorgo,4747
236,Tlaxcala,LIBPB,21119,52111,Libres,-97.691111,19.457222,-974128,192726,3710.17,Maíz,S-EH,31.7/85,15/05/2016,04/07/2016,27.9/88.5,340.2/363.5,05/07/2016,08/09/2016,23.4/70,286.8/336,09/09/2016,14/11/2016,30.00%,1500,5565255,1669576.5,1,Tlaxcala,21119,Maíz,3710.17
237,Tlaxcala,ACJPB,21136,52143,Acajete,-97.951111,19.103333,-975704,190612,774,Maíz,S-EH,47.7/119,15/05/2016,04/07/2016,18.3/137.5,676/704.2,05/07/2016,08/09/2016,17/104,393.1/429.2,09/09/2016,14/11/2016,30.00%,1500,1161000,348300,1,Tlaxcala,21136,Maíz,774
238,Tlaxcala,SJATL,29003,52910,San José Atlanga,-98.199989,19.554542,-981159.96,193316.35,6381.71,Maíz,S-EH,55/93.5,15/05/2016,04/07/2016,110.2/180.4,471.6/502.5,05/07/2016,08/09/2016,24.8/88,282.5/304.1,09/09/2016,14/11/2016,30.00%,1500,9572565,2871769.5,1,Tlaxcala,29003,Maíz,6381.71
239,Tlaxcala,HMTTL,29011,52907,Huamantla,-97.911111,19.315833,-975440,191857,11646.74,Maíz,S-EH,27.7/89.5,15/05/2016,04/07/2016,59.4/132,539.7/601.3,05/07/2016,08/09/2016,15.4/78,299.4/324.7,09/09/2016,14/11/2016,30.00%,1500,17470110,5241033,1,Tlaxcala,29011,Maíz,11646.74
240,Tlaxcala,CPPTL,29035,52908,Calpulalpan,-98.563889,19.586111,-983350,193510,3476.63,Maíz,S-EH,27.1/84,15/05/2016,04/07/2016,87.8/120,523.4/579,05/07/2016,08/09/2016,23.7/78,263.2/300.6,09/09/2016,14/11/2016,30.00%,1500,5214945,1564483.5,1,Tlaxcala,29035,Maíz,3476.63
,,,,,,,,,,,,,,,,,,,,,,,,,,,,,,,,
,,,,,,,,,,710970.46,,,,,,,,,,,,,,,,1066455690,227057212,,,,,
